epoch,train_loss,dev_loss,lr,seconds
1,4.340332356022291,3.212849152933059,0.0002179006950209774,60.10918664932251
2,2.904110578861868,2.493519704847839,0.00043555433709975414,64.11130046844482
3,2.3827893690044597,2.198144825248375,0.000653207979178531,64.00657534599304
4,2.1003166450828368,1.9762764362161314,0.0008708616212573077,63.77848196029663
5,1.9239962724501494,1.8381346057975572,0.0009415811833452162,64.36695170402527
6,1.7624895166463366,1.69727212009286,0.0008595583472330949,63.42263865470886
7,1.6531456174295618,1.6371316673531957,0.0007958071464036909,63.47271418571472
8,1.5819358045624148,1.594566543684777,0.0007444169651210229,64.25406670570374
9,1.536407166312715,1.558413402080388,0.0007018485769512354,63.76832342147827
10,1.499430879527156,1.5447830259604856,0.0006658362209381178,63.8538179397583
11,1.4694578896448063,1.5183591491385873,0.0006348532023441482,64.26210427284241
12,1.4483544196201337,1.521497961384142,0.0006078282784771726,63.69271183013916
13,1.4303066462261613,1.497987023302875,0.000583984644750782,63.5162136554718
14,1.4147955660290072,1.489297498074668,0.0005627434391925653,63.994040966033936
15,1.4014042105574973,1.4890914584193597,0.0005436632817493914,63.58088994026184
16,1.3905659248882019,1.4827858646514926,0.0005264009537470825,64.29063034057617
17,1.3797892883498146,1.477144349702849,0.000510685002833555,63.99617099761963
18,1.3719578529920458,1.4688933820402137,0.0004962975345772097,63.696351051330566
19,1.365791775851853,1.4644702001438312,0.0004830613497501753,63.661768436431885
20,1.3585064170468757,1.4646113798249718,0.00047083066634673456,64.06319212913513
